"Player","Team","POS","ATT","YDS","TDS","REC","YDS","TDS","FL","FPTS"
" "," ","","",""
"Christian McCaffrey","SF","RB1","262.0","1,251.2","11.5","69.6","570.4","5.4","1.6","280.6"
"Breece Hall","NYJ","RB2","233.1","1,019.7","8.4","72.7","608.5","5.8","1.1","245.5"
"Saquon Barkley","PHI","RB3","266.1","1,119.2","10.9","48.9","373.4","4.2","1.5","236.9"
"Bijan Robinson","ATL","RB4","211.1","988.2","6.1","65.3","574.1","6.1","2.3","225.0"
"Kyren Williams","LAR","RB5","252.4","1,169.5","11.3","34.8","258.3","2.4","1.6","221.6"
"CeeDee Lamb","DAL","WR1","12.3","84.4","0.9","118.4","1,528.0","9.4","1.1","220.9"
"Jonathan Taylor","IND","RB6","269.5","1,220.5","10.3","36.6","288.6","1.7","1.1","220.7"
"Derrick Henry","BAL","RB7","258.2","1,182.3","11.8","26.1","226.4","0.6","0.9","213.2"
"Tyreek Hill","MIA","WR2","5.1","24.4","0.1","106.7","1,483.9","9.3","0.9","205.2"
"Josh Jacobs","GB","RB8","267.8","1,075.4","9.5","35.9","287.2","0.7","1.1","194.9"
"Joe Mixon","HOU","RB9","244.6","940.0","8.6","42.7","329.0","2.9","0.8","194.5"
"Isiah Pacheco","KC","RB10","226.2","999.8","9.6","44.8","274.7","2.0","1.6","193.8"
"De'Von Achane","MIA","RB11","160.2","867.7","7.9","44.9","352.2","3.7","0.9","190.3"
"Travis Etienne Jr.","JAC","RB12","236.1","931.1","9.0","48.3","384.8","1.1","0.9","190.1"
"Ja'Marr Chase","CIN","WR3","3.8","11.1","0.1","102.8","1,327.9","9.2","0.5","188.6"
"Amon-Ra St. Brown","DET","WR4","4.8","31.7","0.1","110.8","1,337.4","8.7","0.9","188.2"
"Justin Jefferson","MIN","WR5","2.5","3.7","0.1","105.8","1,467.1","7.0","1.0","187.6"
"James Cook","BUF","RB13","239.3","1,063.4","4.7","44.9","388.6","2.7","1.6","186.1"
"Jahmyr Gibbs","DET","RB14","181.8","860.0","8.6","56.8","397.1","1.7","1.6","184.4"
"Rachaad White","TB","RB15","218.9","869.2","7.2","53.7","421.9","2.4","1.6","183.4"
"Kenneth Walker III","SEA","RB16","226.5","935.3","10.2","30.0","237.4","0.9","0.9","182.4"
"Puka Nacua","LAR","WR6","11.7","75.5","0.3","94.4","1,344.4","6.5","0.5","181.7"
"A.J. Brown","PHI","WR7","0.0","0.5","0.0","90.9","1,312.1","8.5","1.5","179.5"
"Alvin Kamara","NO","RB17","191.9","761.2","6.0","72.1","513.9","1.9","0.9","173.1"
"Raheem Mostert","MIA","RB18","175.1","817.4","9.9","25.6","175.6","2.1","1.0","169.4"
"Deebo Samuel Sr.","SF","WR8","35.9","193.8","3.4","64.1","954.8","5.8","0.9","168.2"
"Mike Evans","TB","WR9","0.0","0.5","0.0","73.5","1,126.1","9.2","0.2","167.7"
"David Montgomery","DET","RB19","208.1","891.6","9.8","22.9","172.8","0.4","0.9","165.6"
"Garrett Wilson","NYJ","WR10","4.2","12.3","0.1","90.5","1,173.0","8.1","1.5","164.8"
"James Conner","ARI","RB20","195.4","888.2","6.9","35.1","236.7","2.0","0.8","164.3"
"Aaron Jones","MIN","RB21","176.9","839.9","5.5","48.7","373.1","2.0","1.0","163.8"
"Nico Collins","HOU","WR11","1.0","4.0","0.0","76.3","1,143.2","8.3","0.3","163.6"
"Davante Adams","LV","WR12","0.0","0.0","0.0","94.6","1,194.8","7.1","0.3","161.6"
"Chris Olave","NO","WR13","0.0","0.0","0.0","87.3","1,221.2","6.5","0.3","160.4"
"DK Metcalf","SEA","WR14","0.0","0.5","0.0","68.7","1,052.3","9.1","0.3","159.3"
"Marvin Harrison Jr.","ARI","WR15","1.0","5.5","0.0","88.3","1,209.1","6.8","1.7","158.8"
"DJ Moore","CHI","WR16","3.0","17.3","0.5","77.6","1,081.2","7.9","0.8","158.7"
"Zamir White","LV","RB22","231.0","1,050.2","5.0","34.2","238.9","0.4","1.5","158.4"
"Tee Higgins","CIN","WR17","0.0","0.0","0.0","70.9","1,059.9","8.6","0.3","157.2"
"Nick Chubb","CLE","RB23","211.5","956.9","6.0","27.6","224.0","0.8","0.8","157.0"
"Najee Harris","PIT","RB24","228.1","926.1","6.9","28.0","175.9","1.1","0.9","156.6"
"Brandon Aiyuk","SF","WR18","0.5","2.0","0.0","72.5","1,134.9","7.4","0.8","156.4"
"Brian Robinson Jr.","WAS","RB25","188.9","787.8","5.4","31.6","286.5","2.6","1.7","151.7"
"D'Andre Swift","CHI","RB26","190.1","870.2","4.5","39.4","266.6","1.7","1.0","149.1"
"Drake London","ATL","WR19","0.0","0.0","0.0","84.4","1,123.4","6.4","0.9","149.1"
"DeVonta Smith","PHI","WR20","0.0","0.0","0.0","80.3","1,064.3","7.2","0.9","148.0"
"Tank Dell","HOU","WR21","15.0","77.1","0.3","66.5","920.1","7.9","0.5","147.9"
"Amari Cooper","CLE","WR22","0.0","0.0","0.0","71.7","1,118.6","6.2","0.9","147.4"
"Zack Moss","CIN","RB27","174.3","758.8","6.4","32.0","220.6","2.0","0.8","146.6"
"Hollywood Brown","KC","WR23","2.1","16.2","0.0","70.1","928.8","8.7","0.2","146.6"
"Stefon Diggs","HOU","WR24","1.5","7.9","0.0","87.7","1,081.5","6.4","1.0","145.4"
"Calvin Ridley","TEN","WR25","5.7","19.5","0.1","68.0","955.2","7.9","0.3","144.7"
"Rhamondre Stevenson","NE","RB28","194.3","783.9","5.5","46.0","318.4","0.5","1.0","144.1"
"Jonathon Brooks","CAR","RB29","196.4","840.2","5.7","28.8","227.5","1.1","1.9","143.7"
"Cooper Kupp","LAR","WR26","2.5","11.0","0.1","81.7","1,021.9","6.8","0.3","143.5"
"Travis Kelce","KC","TE1","0.0","0.0","0.0","92.6","998.9","7.5","0.7","143.4"
"Zay Flowers","BAL","WR27","9.0","53.7","0.8","78.7","967.1","6.3","0.9","142.7"
"Jaylen Waddle","MIA","WR28","4.1","23.4","0.1","78.6","1,077.8","5.3","0.3","142.0"
"Austin Ekeler","WAS","RB30","126.7","525.8","5.7","49.9","432.5","2.6","2.0","141.5"
"J.K. Dobbins","LAC","RB31","145.3","669.3","5.0","33.7","258.9","3.1","0.9","140.0"
"Mark Andrews","BAL","TE2","0.0","0.0","0.0","71.3","861.2","9.1","0.3","139.9"
"Tony Pollard","TEN","RB32","196.2","809.8","5.7","33.8","219.3","0.5","0.9","138.3"
"George Pickens","PIT","WR29","3.8","27.8","0.1","61.4","1,024.8","5.7","0.9","138.2"
"Christian Watson","GB","WR30","6.2","33.0","0.7","51.3","784.6","8.8","0.3","138.0"
"DeAndre Hopkins","TEN","WR31","0.5","3.0","0.0","69.3","942.7","6.9","0.3","135.1"
"Jayden Reed","GB","WR32","11.3","96.6","1.8","60.1","744.7","6.5","0.4","133.3"
"Michael Pittman Jr.","IND","WR33","0.5","5.0","0.0","97.4","1,080.6","4.4","1.0","132.9"
"Gus Edwards","LAC","RB33","177.0","702.4","7.9","16.0","162.0","0.3","1.5","132.4"
"Javonte Williams","DEN","RB34","191.4","750.7","4.1","43.6","247.2","1.6","0.9","132.2"
"Chris Godwin","TB","WR34","3.5","25.8","0.6","79.6","949.6","5.2","0.3","131.9"
"Sam LaPorta","DET","TE3","0.0","0.0","0.0","84.0","852.2","7.8","0.1","131.8"
"Devin Singletary","NYG","RB35","192.3","835.3","4.8","33.2","197.1","0.3","0.9","131.8"
"Terry McLaurin","WAS","WR35","0.5","2.5","0.0","75.5","1,029.4","4.7","0.2","131.0"
"Ezekiel Elliott","DAL","RB36","175.5","656.4","5.7","35.1","235.6","1.5","0.9","130.6"
"Malik Nabers","NYG","WR36","1.0","5.0","0.0","73.3","1,001.8","5.2","1.2","129.2"
"Diontae Johnson","CAR","WR37","2.1","11.5","0.0","66.6","867.7","7.0","0.4","129.2"
"Courtland Sutton","DEN","WR38","0.0","0.5","0.0","65.9","865.4","7.5","1.4","128.6"
"Jordan Addison","MIN","WR39","0.5","1.0","0.0","67.3","856.4","7.2","0.3","128.5"
"Jaylen Warren","PIT","RB37","129.8","655.6","3.6","52.6","355.2","1.2","1.6","126.4"
"Christian Kirk","JAC","WR40","2.0","11.0","0.0","77.2","941.8","5.1","1.5","123.1"
"Keenan Allen","CHI","WR41","2.0","9.7","0.0","82.2","908.3","5.4","0.9","122.8"
"George Kittle","SF","TE4","0.0","0.0","0.0","61.9","880.8","5.8","0.2","122.8"
"Xavier Worthy","KC","WR42","3.9","23.1","0.1","56.6","846.9","6.1","1.2","122.1"
"Mike Williams","NYJ","WR43","1.0","2.5","0.0","62.9","857.7","5.6","0.2","119.2"
"Tyler Lockett","SEA","WR44","0.0","0.5","0.0","73.3","843.8","5.7","0.3","118.2"
"Chase Brown","CIN","RB38","115.8","526.1","3.0","37.5","354.4","2.2","0.8","118.0"
"David Njoku","CLE","TE5","0.0","0.0","0.0","69.9","820.7","6.3","1.3","117.3"
"Tyjae Spears","TEN","RB39","129.6","560.5","3.0","46.3","363.1","1.4","0.8","116.8"
"Rashid Shaheed","NO","WR45","5.6","35.2","0.1","54.2","808.8","5.6","0.8","116.6"
"Ladd McConkey","LAC","WR46","2.1","11.4","0.0","67.2","872.8","4.9","1.2","115.8"
"Tyler Allgeier","ATL","RB40","146.3","596.4","4.5","23.1","204.0","1.5","0.7","114.9"
"Jerry Jeudy","CLE","WR47","0.5","3.5","0.0","61.3","899.8","4.0","0.3","113.6"
"Kyle Pitts","ATL","TE6","0.0","0.0","0.0","62.1","855.2","4.6","0.1","112.9"
"Brian Thomas Jr.","JAC","WR48","1.0","4.5","0.0","61.6","849.3","4.9","1.2","112.4"
"Gabe Davis","JAC","WR49","0.5","0.0","0.0","46.7","731.6","6.7","0.8","111.9"
"Rome Odunze","CHI","WR50","2.0","11.5","0.1","57.8","804.0","5.3","1.2","111.3"
"Jakobi Meyers","LV","WR51","3.6","20.6","0.6","67.0","749.9","5.1","0.3","110.9"
"Romeo Doubs","GB","WR52","0.0","0.5","0.0","55.7","710.4","6.7","0.3","110.6"
"Keon Coleman","BUF","WR53","1.0","6.5","0.0","59.7","816.4","5.0","1.2","109.7"
"Trey McBride","ARI","TE7","0.0","0.0","0.0","83.0","848.0","4.2","0.3","109.6"
"Rashee Rice","KC","WR54","1.9","6.0","0.0","63.0","748.3","5.9","0.9","109.4"
"Jake Ferguson","DAL","TE8","0.0","0.0","0.0","68.2","720.0","6.2","0.1","109.1"
"Jameson Williams","DET","WR55","4.3","51.9","1.2","47.0","688.3","4.6","0.3","108.2"
"Jaxon Smith-Njigba","SEA","WR56","0.0","0.0","0.0","71.6","770.9","5.2","0.3","107.9"
"Brandin Cooks","DAL","WR57","4.6","30.2","0.1","58.6","696.0","5.8","0.2","107.8"
"Ty Chandler","MIN","RB41","134.5","590.8","5.2","22.2","161.1","0.3","0.7","107.3"
"Trey Benson","ARI","RB42","135.6","623.4","4.5","17.8","137.5","0.9","1.8","104.6"
"Jerome Ford","CLE","RB43","127.3","511.2","3.0","30.3","217.0","2.4","0.7","103.8"
"Antonio Gibson","NE","RB44","121.5","475.7","2.4","46.8","347.4","1.6","1.6","102.9"
"Evan Engram","JAC","TE9","0.0","0.0","0.0","89.4","801.8","4.0","0.9","102.7"
"Kendrick Bourne","NE","WR58","3.5","25.7","0.0","58.5","694.6","5.3","0.8","102.6"
"Curtis Samuel","BUF","WR59","14.3","73.5","1.0","58.4","609.6","4.7","0.2","102.0"
"Dalton Kincaid","BUF","TE10","0.0","0.0","0.0","76.4","748.4","4.5","0.7","100.2"
"DeMario Douglas","NE","WR60","10.5","57.8","0.2","61.0","764.9","3.1","0.9","100.0"
"Darnell Mooney","ATL","WR61","3.1","16.4","0.1","48.0","709.2","4.3","0.3","98.8"
"Adam Thielen","CAR","WR62","0.5","2.5","0.0","70.9","701.7","4.8","0.4","98.5"
"Khalil Shakir","BUF","WR63","0.5","4.0","0.0","56.5","735.1","4.2","0.3","98.4"
"T.J. Hockenson","MIN","TE11","0.0","0.0","0.0","74.2","749.7","4.0","0.7","97.5"
"Dallas Goedert","PHI","TE12","0.0","0.0","0.0","64.9","701.6","4.5","0.2","96.8"
"Blake Corum","LAR","RB45","126.2","540.0","4.2","15.4","130.5","0.8","1.3","95.0"
"Rico Dowdle","DAL","RB46","138.4","549.5","3.7","16.6","132.1","0.9","0.6","94.4"
"Cole Kmet","CHI","TE13","0.0","0.0","0.0","63.9","616.4","5.4","0.2","93.9"
"DJ Chark Jr.","LAC","WR64","0.0","0.0","0.0","37.7","568.7","6.3","0.7","93.4"
"Demarcus Robinson","LAR","WR65","0.5","10.0","0.0","50.5","639.0","4.7","0.8","91.4"
"Darius Slayton","NYG","WR66","0.0","0.0","0.0","45.8","677.8","3.7","0.2","89.5"
"Clyde Edwards-Helaire","KC","RB47","93.7","379.9","2.7","27.5","242.5","2.0","0.7","89.3"
"Dalton Schultz","HOU","TE14","0.0","0.0","0.0","55.6","596.7","5.1","0.7","89.0"
"Adonai Mitchell","IND","WR67","1.0","5.5","0.0","47.2","687.2","3.6","1.1","88.7"
"Jaleel McLaughlin","DEN","RB48","99.4","503.6","2.2","28.8","175.5","1.5","0.6","88.4"
"Zach Charbonnet","SEA","RB49","114.2","482.9","2.7","33.9","224.5","0.5","0.7","88.4"
"Wan'Dale Robinson","NYG","WR68","7.8","64.6","0.7","66.7","624.5","2.7","0.3","88.4"
"Jahan Dotson","WAS","WR69","0.0","0.0","0.0","48.9","587.6","4.9","0.2","87.7"
"Joshua Palmer","LAC","WR70","0.5","3.5","0.0","52.0","672.3","3.4","0.8","86.6"
"Xavier Legette","CAR","WR71","4.2","24.5","0.2","47.8","649.8","3.3","1.2","85.8"
"Brock Bowers","LV","TE15","0.0","0.0","0.0","56.9","650.9","3.9","1.2","85.8"
"Michael Wilson","ARI","WR72","0.0","0.0","0.0","47.9","628.6","3.9","0.3","85.7"
"Marvin Mims Jr.","DEN","WR73","7.7","44.4","0.3","48.8","644.5","2.7","0.6","85.6"
"Chuba Hubbard","CAR","RB50","122.0","473.8","3.6","24.7","162.7","0.2","0.7","85.5"
"D'Onta Foreman","CLE","RB51","124.0","487.8","3.5","11.4","97.2","1.1","0.6","85.0"
"Quentin Johnston","LAC","WR74","2.6","10.7","0.0","46.9","607.0","3.9","0.3","84.8"
"Pat Freiermuth","PIT","TE16","0.0","0.0","0.0","52.4","563.9","4.4","0.2","82.6"
"Kendre Miller","NO","RB52","97.2","382.1","2.9","23.8","213.9","1.2","0.7","82.6"
"Jermaine Burton","CIN","WR75","1.0","3.5","0.0","46.9","609.4","3.8","0.6","82.5"
"Rashod Bateman","BAL","WR76","0.5","7.0","0.0","46.3","615.8","3.3","0.2","81.9"
"Khalil Herbert","CHI","RB53","112.3","497.1","2.7","18.1","122.9","0.8","0.7","81.0"
"Josh Downs","IND","WR77","0.0","0.0","0.0","56.4","651.1","2.7","0.2","81.0"
"Odell Beckham Jr.","MIA","WR78","0.0","1.0","0.0","39.0","571.4","3.7","0.7","78.2"
"Jaylen Wright","MIA","RB54","84.5","390.1","3.7","15.3","140.7","0.7","1.1","77.7"
"Hunter Henry","NE","TE17","0.0","0.0","0.0","44.0","452.0","5.4","0.1","77.4"
"Tyler Conklin","NYJ","TE18","0.0","0.0","0.0","55.8","568.8","3.4","0.2","77.2"
"Jalen Tolbert","DAL","WR79","0.0","0.0","0.0","43.2","573.4","3.5","0.5","77.2"
"Juwan Johnson","NO","TE19","0.0","0.0","0.0","44.0","470.1","5.0","0.1","77.0"
"Tim Patrick","DEN","WR80","0.0","0.0","0.0","37.3","491.3","4.5","0.1","76.1"
"MarShawn Lloyd","GB","RB55","93.3","393.7","3.0","18.2","149.3","1.1","1.2","76.1"
"Dontayvion Wicks","GB","WR81","0.5","0.5","0.0","36.9","502.3","4.5","0.7","75.6"
"Zay Jones","ARI","WR82","0.5","2.5","0.0","51.6","536.9","3.6","0.2","75.3"
"Tyrone Tracy Jr.","NYG","RB56","108.0","455.9","2.8","14.1","110.5","0.7","1.7","74.3"
"Alexander Mattison","LV","RB57","107.8","423.3","2.5","16.4","107.9","1.3","0.8","74.2"
"Braelon Allen","NYJ","RB58","99.7","413.5","3.3","13.0","105.5","0.8","1.2","74.0"
"Rondale Moore","ATL","WR83","16.7","93.8","0.7","42.5","443.1","2.8","0.3","74.0"
"Brandon Johnson","DEN","WR84","0.0","0.0","0.0","27.0","375.0","6.0","0.0","73.5"
"Noah Brown","HOU","WR85","0.5","0.0","0.0","34.7","557.5","2.8","0.1","72.4"
"Isaiah Likely","BAL","TE20","0.0","0.0","0.0","32.3","420.1","5.1","0.1","72.3"
"Bucky Irving","TB","RB59","101.9","397.4","2.9","15.0","133.2","0.7","1.2","72.0"
"Ja'Lynn Polk","NE","WR86","1.0","4.5","0.0","47.0","582.3","2.4","0.7","71.8"
"Elijah Moore","CLE","WR87","6.1","19.9","0.1","44.7","547.1","2.8","1.2","71.5"
"Kenneth Gainwell","PHI","RB60","87.6","372.5","3.0","24.4","166.4","0.2","1.3","70.7"
"Samaje Perine","DEN","RB61","67.4","302.2","1.7","34.5","273.8","0.9","1.8","69.8"
"Cade Otton","TB","TE21","0.0","0.0","0.0","45.6","477.1","3.7","0.6","68.9"
"Trey Palmer","TB","WR88","3.9","24.5","0.2","38.2","486.9","2.9","0.5","68.4"
"Jalin Hyatt","NYG","WR89","0.0","0.0","0.0","38.5","550.3","2.3","0.3","68.4"
"Tyler Boyd","TEN","WR90","1.9","11.0","0.0","50.8","548.1","2.1","0.2","68.2"
"Malachi Corley","NYJ","WR91","8.8","53.8","0.4","38.9","438.0","2.8","0.3","68.1"
"Elijah Mitchell","SF","RB62","96.8","389.3","3.5","11.3","66.2","0.2","0.1","68.0"
"Robert Woods","HOU","WR92","2.0","11.0","0.0","43.0","482.0","3.0","0.0","67.3"
"Chigoziem Okonkwo","TEN","TE22","0.0","0.0","0.0","48.7","517.7","2.6","0.1","67.3"
"Roschon Johnson","CHI","RB63","80.1","339.0","2.7","25.4","159.9","0.3","0.2","67.0"
"Roman Wilson","PIT","WR93","1.0","5.5","0.0","40.1","531.6","2.5","1.1","66.3"
"Miles Sanders","CAR","RB64","102.2","405.3","2.2","22.0","134.1","0.1","1.2","65.0"
"Marquez Callaway","PIT","WR94","0.0","0.0","0.0","36.0","470.0","3.0","0.0","65.0"
"Luke Musgrave","GB","TE23","0.0","0.0","0.0","46.1","470.9","3.0","0.1","65.0"
"Keaton Mitchell","BAL","RB65","69.6","383.9","2.7","9.6","85.6","0.3","0.6","63.6"
"Josh Reynolds","DEN","WR95","0.0","0.0","0.0","32.1","430.5","3.6","0.6","63.2"
"Justice Hill","BAL","RB66","78.9","361.9","2.4","16.6","124.4","0.3","1.2","62.7"
"Jonnu Smith","MIA","TE24","0.0","0.0","0.0","38.3","447.3","3.2","0.6","62.7"
"Ricky Pearsall","SF","WR96","3.4","20.5","0.1","29.9","440.0","2.8","1.1","61.6"
"KaVontae Turpin","DAL","WR97","10.7","92.8","0.7","22.7","260.7","3.8","0.6","61.1"
"Jalen McMillan","TB","WR98","0.0","0.0","0.0","36.2","441.5","2.8","0.2","60.3"
"A.T. Perry","NO","WR99","0.5","1.5","0.0","23.8","375.5","3.7","0.0","59.7"
"Jamaal Williams","NO","RB67","100.5","354.8","2.5","18.5","93.2","0.2","0.7","59.1"
"Hayden Hurst","LAC","TE25","0.0","0.0","0.0","39.2","393.9","3.1","0.2","57.5"
"Luke McCaffrey","WAS","WR100","0.0","0.0","0.0","38.3","459.2","2.0","0.2","57.4"
"Dawson Knox","BUF","TE26","0.0","0.0","0.0","29.9","319.1","4.2","0.1","57.0"
"Ben Sinnott","WAS","TE27","0.0","0.0","0.0","38.7","410.4","2.9","0.6","56.9"
"Tyler Higbee","LAR","TE28","0.0","0.0","0.0","42.2","430.4","2.3","0.1","56.4"
"Mike Gesicki","CIN","TE29","0.0","0.0","0.0","33.0","333.1","3.7","0.1","55.2"
"Noah Fant","SEA","TE30","0.0","0.0","0.0","41.1","434.4","2.0","0.1","55.0"
"Tucker Kraft","GB","TE31","0.0","0.0","0.0","36.0","371.2","2.8","0.1","53.6"
"Chase Edmonds","TB","RB68","71.8","288.0","1.5","19.4","131.6","0.4","0.1","53.1"
"Tank Bigsby","JAC","RB69","92.4","300.9","3.8","7.0","47.5","0.3","3.3","52.5"
"Nelson Agholor","BAL","WR101","0.0","0.0","0.0","28.9","367.8","2.6","0.3","51.7"
"Van Jefferson","PIT","WR102","0.0","0.0","0.0","27.6","402.6","2.0","0.3","51.6"
"Trey Sermon","IND","RB70","76.4","328.2","2.0","8.7","58.8","0.2","0.3","51.2"
"Jonathan Mingo","CAR","WR103","0.0","0.0","0.0","35.9","413.2","1.7","0.1","51.2"
"Troy Franklin","DEN","WR104","1.0","5.0","0.0","30.7","392.2","2.1","0.6","51.1"
"Greg Dortch","ARI","WR105","3.5","22.8","0.1","31.7","343.4","2.4","0.1","51.1"
"Greg Dulcich","DEN","TE32","0.0","0.0","0.0","32.0","401.2","1.7","0.1","50.2"
"Kalif Raymond","DET","WR106","4.5","30.1","0.2","32.4","359.5","1.8","0.4","50.1"
"Cedrick Wilson Jr.","NO","WR107","0.5","1.5","0.0","24.1","305.3","3.1","0.1","49.1"
"Michael Mayer","LV","TE33","0.0","0.0","0.0","32.6","361.9","2.1","0.1","48.8"
"AJ Dillon","GB","RB71","69.2","249.1","1.7","13.2","122.0","0.1","0.1","47.6"
"Eric Gray","NYG","RB72","53.2","225.7","1.6","17.8","120.1","0.6","0.3","47.2"
"Gerald Everett","CHI","TE34","0.0","0.0","0.0","33.3","302.5","2.7","0.1","46.4"
"Isaiah Davis","NYJ","RB73","65.4","275.6","1.7","8.9","62.9","0.4","0.3","46.0"
"Trenton Irwin","CIN","WR108","0.0","1.0","0.0","25.9","332.6","2.1","0.1","45.8"
"Dameon Pierce","HOU","RB74","74.2","259.1","1.9","9.8","71.2","0.1","0.2","44.9"
"Ty Johnson","BUF","RB75","45.3","194.0","1.4","15.1","143.9","0.5","0.3","44.4"
"Brevin Jordan","HOU","TE35","0.0","0.0","0.0","18.9","264.5","3.0","0.0","44.1"
"Tommy Tremble","CAR","TE36","0.0","0.0","0.0","24.1","226.1","3.5","0.1","43.5"
"Zach Ertz","WAS","TE37","0.0","0.0","0.0","30.1","280.2","2.6","0.1","43.4"
"Alec Pierce","IND","WR109","0.0","0.0","0.0","19.9","319.1","1.9","0.1","43.1"
"Ray Davis","BUF","RB76","60.2","254.8","1.7","7.4","58.6","0.3","0.2","43.0"
"Jelani Woods","IND","TE38","0.0","0.0","0.0","24.1","299.5","2.1","0.1","42.5"
"Logan Thomas","SF","TE39","0.0","0.0","0.0","22.0","260.0","3.0","1.0","42.0"
"Noah Gray","KC","TE40","0.0","0.0","0.0","28.3","292.7","2.1","0.1","41.9"
"Taysom Hill","NO","TE41","0.0","0.0","0.0","29.6","271.5","2.3","0.7","39.6"
"Michael Gallup","LV","WR110","0.0","0.0","0.0","27.2","326.2","1.2","0.2","39.3"
"Theo Johnson","NYG","TE42","0.0","0.0","0.0","31.4","302.6","1.7","0.6","39.3"
"D'Ernest Johnson","JAC","RB77","54.6","242.2","1.3","8.8","62.4","0.2","0.2","39.2"
"Kylen Granson","IND","TE43","0.0","0.0","0.0","24.3","286.5","1.6","0.1","38.1"
"Colby Parkinson","LAR","TE44","0.0","0.0","0.0","23.5","242.0","2.2","0.1","37.5"
"Daniel Bellinger","NYG","TE45","0.0","0.0","0.0","32.5","303.5","1.2","0.1","37.4"
"Andrei Iosivas","CIN","WR111","0.0","0.0","0.0","22.9","253.6","2.0","0.3","36.8"
"Tutu Atwell","LAR","WR112","2.1","12.2","0.1","20.0","268.6","1.4","0.2","36.4"
"Calvin Austin III","PIT","WR113","9.0","53.8","0.4","18.0","236.6","0.9","0.3","36.2"
"Durham Smythe","MIA","TE46","0.0","0.0","0.0","27.4","264.7","1.4","0.0","35.0"
"Jamison Crowder","WAS","WR114","0.0","0.0","0.0","29.9","291.9","1.1","0.3","34.8"
"Elijah Higgins","ARI","TE47","0.0","0.0","0.0","23.3","262.0","1.4","0.1","34.4"
"Adam Trautman","DEN","TE48","0.0","0.0","0.0","21.8","210.9","2.2","0.1","34.4"
"Ameer Abdullah","LV","RB78","35.9","163.4","0.3","19.4","143.0","0.3","0.1","34.3"
"Audric Estime","DEN","RB79","46.5","194.3","1.1","6.5","56.1","0.6","0.5","34.2"
"Jeremy Ruckert","NYJ","TE49","0.0","0.0","0.0","24.0","229.4","1.8","0.2","33.5"
"Donald Parham Jr.","LAC","TE50","0.0","0.0","0.0","15.8","167.9","2.7","0.0","33.0"
"Brock Wright","DET","TE51","0.0","0.0","0.0","21.0","203.1","2.1","0.1","33.0"
"Devontez Walker","BAL","WR115","0.0","0.0","0.0","18.8","228.2","1.6","0.1","32.2"
"Johnny Mundt","MIN","TE52","0.0","0.0","0.0","24.0","228.0","1.6","0.1","32.2"
"Justin Watson","KC","WR116","0.0","0.0","0.0","15.2","218.5","1.7","0.2","32.0"
"KhaDarel Hodge","ATL","WR117","0.0","0.0","0.0","17.6","230.6","1.5","0.2","31.6"
"Trayveon Williams","CIN","RB80","38.5","168.0","1.3","9.2","59.4","0.3","0.2","31.5"
"Josh Oliver","MIN","TE53","0.0","0.0","0.0","22.8","221.8","1.7","0.6","31.3"
"Mo Alie-Cox","IND","TE54","0.0","0.0","0.0","11.4","143.7","2.8","0.0","31.2"
"Kyle Juszczyk","SF","RB81","5.9","20.4","0.1","20.3","193.7","1.5","0.0","31.2"
"Treylon Burks","TEN","WR118","3.5","21.1","0.1","17.4","237.2","0.8","0.2","31.1"
"Deuce Vaughn","DAL","RB82","43.6","159.5","0.9","11.6","87.4","0.3","0.6","30.8"
"Emari Demercado","ARI","RB83","34.2","148.4","1.3","13.0","81.2","0.1","0.0","30.7"
"Ja'Tavion Sanders","CAR","TE55","0.0","0.0","0.0","23.1","221.9","1.6","0.6","30.6"
"Bub Means","NO","WR119","0.0","0.0","0.0","18.1","217.9","1.5","0.1","30.4"
"Tre Tucker","LV","WR120","12.0","76.9","0.5","13.4","163.7","0.7","0.3","30.4"
"Jake Bobo","SEA","WR121","8.4","51.1","0.5","14.7","158.5","1.0","0.2","29.9"
"Teagan Quitoriano","HOU","TE56","0.0","0.0","0.0","11.0","178.0","2.0","0.0","29.8"
"Xavier Gipson","NYJ","WR122","4.4","28.4","0.3","13.7","167.5","1.4","0.2","29.6"
"Andrew Beck","HOU","TE57","4.5","9.9","1.1","13.7","123.1","2.1","1.5","29.3"
"Nyheim Hines","CLE","RB84","28.9","102.7","0.9","15.3","115.8","0.4","0.1","29.1"
"Michael Carter","ARI","RB85","34.4","153.9","1.0","10.6","67.9","0.2","0.1","29.1"
"Kendall Milton","PHI","RB86","34.0","142.0","2.0","2.0","24.0","0.0","0.0","28.6"
"Will Dissly","LAC","TE58","0.0","0.0","0.0","23.1","213.3","1.2","0.1","28.4"
"Will Shipley","PHI","RB87","35.4","150.2","1.4","4.9","40.0","0.2","0.1","28.4"
"Jordan Mason","SF","RB88","34.7","163.4","1.7","2.4","15.9","0.1","0.1","28.3"
"Jeremy McNichols","WAS","RB89","26.0","107.0","0.0","14.0","116.0","1.0","0.0","28.3"
"Brandon Powell","MIN","WR123","3.9","21.1","0.1","18.8","190.8","1.1","0.3","27.9"
"Connor Heyward","PIT","TE59","0.0","0.0","0.0","22.6","205.1","1.2","0.1","27.7"
"Chris Rodriguez Jr.","WAS","RB90","26.8","116.1","0.8","12.1","85.6","0.4","0.2","26.9"
"Evan Hull","IND","RB91","27.0","115.2","0.8","11.4","80.1","0.4","0.2","26.6"
"Austin Hooper","NE","TE60","0.0","0.0","0.0","21.5","200.6","1.1","0.1","26.3"
"Tyler Goodson","IND","RB92","34.0","170.0","1.0","5.0","32.0","0.0","0.0","26.2"
"Jauan Jennings","SF","WR124","0.0","0.0","0.0","15.5","195.5","1.2","0.2","26.1"
"Derius Davis","LAC","WR125","13.4","85.9","0.3","10.8","111.1","0.8","0.2","25.9"
"Marquez Valdes-Scantling","BUF","WR126","0.0","0.0","0.0","11.8","193.3","1.1","0.1","25.9"
"Craig Reynolds","DET","RB93","33.4","140.3","1.1","5.1","43.6","0.1","0.1","25.7"
"Ronnie Rivers","LAR","RB94","37.7","153.5","0.9","6.2","46.1","0.1","0.0","25.5"
"Cordarrelle Patterson","PIT","RB95","29.6","124.7","1.0","7.3","54.1","0.3","0.2","25.3"
"Isaiah Spiller","LAC","RB96","45.9","162.5","0.9","5.1","30.1","0.1","0.1","25.1"
"Pierre Strong Jr.","CLE","RB97","35.0","173.0","1.0","1.0","8.0","0.0","0.0","24.1"
"Rasheen Ali","BAL","RB98","26.4","125.9","1.2","3.8","31.8","0.1","0.0","24.0"
"Quintin Morris","BUF","TE61","0.0","0.0","0.0","11.0","119.0","2.0","0.0","23.9"
"Kenny McIntosh","SEA","RB99","27.4","114.5","0.8","8.3","58.2","0.3","0.2","23.9"
"Jase McClellan","ATL","RB100","33.0","142.0","1.0","3.2","28.2","0.1","0.1","23.7"
"Cody Schrader","SF","RB101","33.0","146.0","1.0","2.0","27.0","0.0","0.0","23.3"
"Julius Chestnut","TEN","RB102","26.3","110.3","0.8","8.8","61.4","0.3","0.2","23.0"
"MyCole Pruitt","PIT","TE62","0.0","0.0","0.0","9.0","102.0","2.0","0.0","22.2"
"Nick Bawden","NYJ","RB103","6.0","17.0","3.0","3.0","24.0","0.0","0.0","22.1"
"Isaac Guerendo","SF","RB104","29.9","131.1","1.0","2.8","27.0","0.1","0.1","22.1"
"Parris Campbell","PHI","WR127","0.0","0.0","0.0","17.1","169.1","0.9","0.2","22.0"
"Foster Moreau","NO","TE63","0.0","0.0","0.0","13.4","151.1","1.2","0.1","22.0"
"Tanner Hudson","CIN","TE64","0.0","0.0","0.0","17.5","155.6","1.0","0.1","21.5"
"Ben Sims","GB","TE65","0.0","0.0","0.0","11.0","93.0","2.0","0.0","21.3"
"Stephen Sullivan","CAR","TE66","0.0","0.0","0.0","15.3","156.7","0.9","0.0","21.2"
"Cedric Tillman","CLE","WR128","0.0","0.0","0.0","12.3","155.8","1.0","0.1","21.0"
"Hunter Luepke","DAL","RB105","9.6","33.0","2.1","6.3","43.1","0.1","0.0","20.6"
"John Bates","WAS","TE67","0.0","0.0","0.0","16.0","145.0","1.0","0.0","20.5"
"Royce Freeman","DAL","RB106","27.8","116.2","0.8","4.4","30.7","0.1","0.1","20.1"
"Brenton Strange","JAC","TE68","0.0","0.0","0.0","11.9","109.5","1.4","0.0","19.5"
"Kevin Harris","NE","RB107","22.6","94.7","0.5","7.9","57.6","0.2","0.1","19.4"
"Luke Schoonmaker","DAL","TE69","0.0","0.0","0.0","12.2","125.4","1.1","0.1","19.2"
"Stone Smartt","LAC","TE70","0.0","0.0","0.0","11.5","137.0","0.9","0.0","19.2"
"Ryan Flournoy","DAL","WR129","0.0","0.0","0.0","11.2","133.7","1.0","0.1","19.2"
"Israel Abanikanda","NYJ","RB108","25.0","107.0","0.8","4.1","29.0","0.2","0.1","19.1"
"Jason Brownlee","NYJ","WR130","0.0","0.0","0.0","10.8","125.5","1.1","0.1","18.7"
"Jordan Akins","CLE","TE71","0.0","0.0","0.0","13.1","127.0","1.0","0.1","18.7"
"Ian Thomas","CAR","TE72","0.0","0.0","0.0","14.2","143.9","0.7","0.0","18.6"
"Malik Washington","MIA","WR131","2.1","12.5","0.1","10.4","124.4","0.7","0.1","18.5"
"Trey Knox","MIN","TE73","0.0","0.0","0.0","12.0","125.0","1.0","0.0","18.5"
"Tanner McLachlan","CIN","TE74","0.0","0.0","0.0","13.0","124.0","1.0","0.0","18.4"
"James Mitchell","DET","TE75","0.0","0.0","0.0","12.0","124.0","1.0","0.0","18.4"
"Pharaoh Brown","SEA","TE76","0.0","0.0","0.0","11.7","137.9","0.8","0.1","18.4"
"Brayden Willis","SF","TE77","0.0","0.0","0.0","10.0","121.0","1.0","0.0","18.1"
"Robert Tonyan","MIN","TE78","0.0","0.0","0.0","12.0","121.0","1.0","0.0","18.1"
"Cade Stover","HOU","TE79","0.0","0.0","0.0","11.0","120.0","1.0","0.0","18.0"
"Armani Rogers","WAS","TE80","0.0","0.0","0.0","10.0","119.0","1.0","0.0","17.9"
"Cole Turner","WAS","TE81","0.0","0.0","0.0","10.0","119.0","1.0","0.0","17.9"
"John FitzPatrick","ATL","TE82","0.0","0.0","0.0","11.0","118.0","1.0","0.0","17.8"
"Bo Melton","GB","WR132","2.1","13.0","0.1","9.8","114.3","0.8","0.1","17.7"
"Luke Farrell","JAC","TE83","0.0","0.0","0.0","12.1","123.0","0.9","0.0","17.6"
"Davis Allen","LAR","TE84","0.0","0.0","0.0","11.0","115.0","1.0","0.0","17.5"
"Darnell Washington","PIT","TE85","0.0","0.0","0.0","11.5","116.4","1.0","0.0","17.4"
"Devin Culp","TB","TE86","0.0","0.0","0.0","11.0","114.0","1.0","0.0","17.4"
"Grant Calcaterra","PHI","TE87","0.0","0.0","0.0","10.0","112.0","1.0","0.0","17.2"
"Trent Sherfield Sr.","MIN","WR133","0.0","0.0","0.0","9.7","126.9","0.8","0.1","17.1"
"Jeff Wilson Jr.","MIA","RB109","20.3","98.3","0.7","3.3","25.2","0.1","0.0","17.0"
"Payne Durham","TB","TE88","0.0","0.0","0.0","11.0","118.5","0.9","0.0","17.0"
"Devin Duvernay","JAC","WR134","2.0","13.1","0.1","11.6","111.1","0.7","0.1","16.8"
"Tyler Johnson","LAR","WR135","0.0","0.0","0.0","10.7","125.0","0.7","0.1","16.7"
"Keaontay Ingram","KC","RB110","21.7","89.7","0.6","4.4","30.1","0.2","0.1","16.6"
"Charlie Kolar","BAL","TE89","0.0","0.0","0.0","9.0","104.0","1.0","0.0","16.4"
"Skyy Moore","KC","WR136","0.0","0.0","0.0","8.9","111.4","0.9","0.1","16.4"
"Allen Robinson II","NYG","WR137","0.0","0.0","0.0","15.2","124.1","0.7","0.1","16.4"
"Albert Okwuegbunam Jr.","PHI","TE90","0.0","0.0","0.0","10.0","103.0","1.0","0.0","16.3"
"Travis Vokolek","ARI","TE91","0.0","0.0","0.0","11.0","102.0","1.0","0.0","16.2"
"Dyami Brown","WAS","WR138","0.0","0.0","0.0","8.5","126.1","0.6","0.1","16.1"
"Josh Whyle","TEN","TE92","0.0","0.0","0.0","10.6","107.6","0.9","0.0","16.0"
"Cole Fotheringham","LV","TE93","0.0","0.0","0.0","10.0","99.0","1.0","0.0","15.9"
"Drew Sample","CIN","TE94","0.0","0.0","0.0","13.7","116.0","0.7","0.1","15.9"
"Ainias Smith","PHI","WR139","0.0","0.0","0.0","9.8","115.5","0.7","0.1","15.8"
"JuJu Smith-Schuster","NE","WR140","0.0","0.0","0.0","14.5","131.9","0.5","0.2","15.8"
"Ray-Ray McCloud III","ATL","WR141","0.0","0.0","0.0","11.6","115.1","0.8","0.1","15.8"
"David Moore","CAR","WR142","0.0","0.0","0.0","10.5","122.3","0.6","0.1","15.7"
"Ross Dwelley","ATL","TE95","0.0","0.0","0.0","8.1","105.5","0.8","0.0","15.5"
"Dylan Laube","LV","RB111","15.0","61.5","0.3","8.5","60.1","0.3","0.1","15.5"
"Josiah Deguara","JAC","TE96","0.0","0.0","0.0","12.0","95.0","1.0","0.0","15.5"
"Drew Ogletree","IND","TE97","0.0","0.0","0.0","10.1","107.3","0.8","0.1","15.2"
"Erick All Jr.","CIN","TE98","0.0","0.0","0.0","10.8","103.8","0.8","0.0","15.2"
"Peyton Hendershot","DAL","TE99","0.0","0.0","0.0","9.6","98.8","0.9","0.0","15.1"
"Javon Baker","NE","WR143","0.0","0.0","0.0","10.0","115.3","0.6","0.1","14.7"
"Kadarius Toney","KC","WR144","7.7","41.5","0.4","5.6","54.8","0.5","0.1","14.7"
"Zander Horvath","NO","RB112","7.0","17.0","0.0","3.0","8.0","2.0","0.0","14.5"
"Irv Smith Jr.","KC","TE100","0.0","0.0","0.0","10.5","88.5","0.9","0.0","14.5"
"AJ Barner","SEA","TE101","0.0","0.0","0.0","9.8","97.9","0.7","0.1","13.7"
"K.J. Osborn","NE","WR145","0.0","0.0","0.0","10.1","106.5","0.6","0.1","13.7"
"Donovan Peoples-Jones","DET","WR146","0.0","0.0","0.0","8.3","105.0","0.6","0.1","13.6"
"Lucas Krull","DEN","TE102","0.0","0.0","0.0","8.2","90.8","0.8","0.0","13.5"
"Myles Gaskin","MIN","RB113","21.6","85.6","0.5","2.1","14.2","0.1","0.1","13.4"
"Laviska Shenault Jr.","SEA","WR147","4.2","22.4","0.2","7.8","77.5","0.4","0.1","13.1"
"Cameron Latu","SF","TE103","0.0","0.0","0.0","7.6","87.4","0.7","0.0","13.0"
"Chris Evans","CIN","RB114","13.6","58.3","0.5","4.5","30.9","0.2","0.1","12.8"
"Jared Wiley","KC","TE104","0.0","0.0","0.0","8.5","84.2","0.7","0.0","12.5"
"Alec Ingold","MIA","RB115","0.0","0.0","0.0","13.1","95.1","0.4","0.1","12.1"
"Jordan Whittington","LAR","WR148","0.0","0.0","0.0","7.0","85.4","0.5","0.0","11.5"
"Mack Hollins","BUF","WR149","0.0","0.0","0.0","6.5","79.5","0.6","0.1","11.4"
"Tyler Scott","CHI","WR150","4.2","25.8","0.2","4.7","54.8","0.4","0.1","11.2"
"Ko Kieft","TB","TE105","0.0","0.0","0.0","7.5","75.9","0.6","0.1","11.2"
"Sean Tucker","TB","RB116","11.0","46.8","0.3","4.2","29.5","0.2","0.1","10.6"
"Johnny Wilson","PHI","WR151","0.0","0.0","0.0","6.5","75.8","0.5","0.0","10.4"
"Giovanni Ricci","CLE","TE106","0.0","0.0","0.0","7.2","71.8","0.5","0.1","10.3"
"C.J. Uzomah","PHI","TE107","0.0","0.0","0.0","7.7","69.3","0.6","0.0","10.1"
"Isaiah McKenzie","NYG","WR152","7.6","40.6","0.3","4.0","31.8","0.2","0.1","9.9"
"Rashaad Penny","CAR","RB117","11.9","59.3","0.4","2.0","14.1","0.1","0.1","9.8"
"Tip Reiman","ARI","TE108","0.0","0.0","0.0","7.6","74.7","0.4","0.1","9.8"
"Quez Watkins","PIT","WR153","0.0","0.0","0.0","6.4","76.1","0.4","0.1","9.7"
"Jalen Nailor","MIN","WR154","0.0","0.0","0.0","6.0","73.2","0.3","0.1","9.2"
"Anthony Gould","IND","WR155","0.0","0.0","0.0","6.2","70.0","0.3","0.0","8.9"
"Ihmir Smith-Marsette","CAR","WR156","4.2","28.3","0.3","3.2","37.6","0.2","0.1","8.9"
"David Bell","CLE","WR157","0.0","0.0","0.0","6.7","70.4","0.3","0.1","8.7"
"Deneric Prince","KC","RB118","10.9","45.1","0.4","2.2","15.3","0.1","0.1","8.6"
"John Metchie III","HOU","WR158","0.0","0.0","0.0","4.9","61.0","0.4","0.1","8.6"
"Darrynton Evans","BUF","RB119","7.9","32.8","0.3","4.0","29.0","0.2","0.0","8.6"
"Rakim Jarrett","TB","WR159","0.0","0.0","0.0","5.1","60.8","0.4","0.1","8.3"
"Kene Nwangwu","MIN","RB120","10.8","45.6","0.3","2.1","14.5","0.1","0.1","8.3"
"Kimani Vidal","LAC","RB121","12.5","51.8","0.2","2.0","13.7","0.1","0.1","8.2"
"Nick Westbrook-Ikhine","TEN","WR160","0.0","0.0","0.0","5.0","61.2","0.4","0.1","8.2"
"Michael Burton","DEN","RB122","7.7","31.9","0.2","4.3","28.8","0.2","0.1","8.1"
"Dante Miller","NYG","RB123","7.1","29.3","0.2","4.2","28.2","0.2","0.1","7.9"
"Hunter Long","LAR","TE109","0.0","0.0","0.0","5.3","55.0","0.4","0.0","7.5"
"JaMycal Hasty","NE","RB124","7.5","31.9","0.2","3.8","25.6","0.1","0.1","7.5"
"Braxton Berrios","MIA","WR161","0.0","0.0","0.0","5.7","53.8","0.3","0.1","7.3"
"Avery Williams","ATL","RB125","4.0","17.4","0.2","4.4","29.7","0.2","0.0","6.7"
"Jalen Reagor","NE","WR162","2.0","12.0","0.1","2.7","39.2","0.2","0.1","6.6"
"Adam Prentice","NO","RB126","4.3","18.6","0.1","4.4","31.6","0.2","0.0","6.5"
"Jalen Brooks","DAL","WR163","0.0","0.0","0.0","3.8","42.8","0.3","0.0","6.2"
"Travis Homer","CHI","RB127","3.9","17.3","0.1","4.1","29.1","0.1","0.0","6.0"
"Casey Washington","ATL","WR164","0.0","0.0","0.0","3.6","41.2","0.3","0.0","6.0"
"Charlie Woerner","ATL","TE110","0.0","0.0","0.0","3.9","38.1","0.3","0.0","5.7"
"Charlie Jones","CIN","WR165","0.0","0.0","0.0","3.8","41.2","0.3","0.0","5.7"
"Dee Eskridge","SEA","WR166","0.0","0.0","0.0","3.1","38.7","0.2","0.0","5.2"
"Deonte Harty","BAL","WR167","0.0","0.0","0.0","3.2","37.3","0.2","0.0","4.7"
""
""