"RK",TIERS,"PLAYER NAME",TEAM,"POS","BYE WEEK","SOS SEASON","ECR VS. ADP"
"1",1,"Christian McCaffrey",SF,"RB1","9","2 out of 5 stars","0"
"2",1,"CeeDee Lamb",DAL,"WR1","7","3 out of 5 stars","0"
"3",1,"Tyreek Hill",MIA,"WR2","6","2 out of 5 stars","0"
"4",1,"Ja'Marr Chase",CIN,"WR3","12","2 out of 5 stars","0"
"5",1,"Justin Jefferson",MIN,"WR4","6","3 out of 5 stars","0"
"6",1,"Breece Hall",NYJ,"RB2","12","2 out of 5 stars","0"
"7",2,"Amon-Ra St. Brown",DET,"WR5","5","4 out of 5 stars","0"
"8",2,"Bijan Robinson",ATL,"RB3","12","4 out of 5 stars","0"
"9",2,"A.J. Brown",PHI,"WR6","5","2 out of 5 stars","+1"
"10",2,"Garrett Wilson",NYJ,"WR7","12","4 out of 5 stars","+1"
"11",2,"Puka Nacua",LAR,"WR8","6","3 out of 5 stars","-2"
"12",2,"Jonathan Taylor",IND,"RB4","14","2 out of 5 stars","+1"
"13",2,"Jahmyr Gibbs",DET,"RB5","5","3 out of 5 stars","-1"
"14",2,"Saquon Barkley",PHI,"RB6","5","4 out of 5 stars","0"
"15",3,"Davante Adams",LV,"WR9","10","3 out of 5 stars","0"
"16",3,"Travis Etienne Jr.",JAC,"RB7","12","2 out of 5 stars","+9"
"17",3,"Brandon Aiyuk",SF,"WR10","9","2 out of 5 stars","+9"
"18",3,"Marvin Harrison Jr.",ARI,"WR11","11","3 out of 5 stars","-2"
"19",3,"Kyren Williams",LAR,"RB8","6","3 out of 5 stars","-1"
"20",3,"Chris Olave",NO,"WR12","12","3 out of 5 stars","-3"
"21",3,"Josh Allen",BUF,"QB1","12","1 out of 5 stars","+1"
"22",3,"Mike Evans",TB,"WR13","11","3 out of 5 stars","+7"
"23",3,"Drake London",ATL,"WR14","12","4 out of 5 stars","-4"
"24",3,"Derrick Henry",BAL,"RB9","14","3 out of 5 stars","+9"
"25",3,"Jalen Hurts",PHI,"QB2","5","2 out of 5 stars","+9"
"26",3,"Travis Kelce",KC,"TE1","6","3 out of 5 stars","+6"
"27",3,"Sam LaPorta",DET,"TE2","5","3 out of 5 stars","-4"
"28",3,"Deebo Samuel Sr.",SF,"WR15","9","2 out of 5 stars","-4"
"29",4,"DJ Moore",CHI,"WR16","7","4 out of 5 stars","-2"
"30",4,"Michael Pittman Jr.",IND,"WR17","14","4 out of 5 stars","-2"
"31",4,"Nico Collins",HOU,"WR18","14","3 out of 5 stars","-10"
"32",4,"Isiah Pacheco",KC,"RB10","6","3 out of 5 stars","+7"
"33",4,"Lamar Jackson",BAL,"QB3","14","4 out of 5 stars","+8"
"34",4,"Josh Jacobs",GB,"RB11","10","1 out of 5 stars","+3"
"35",4,"Patrick Mahomes II",KC,"QB4","6","3 out of 5 stars","+5"
"36",4,"Jaylen Waddle",MIA,"WR19","6","2 out of 5 stars","-5"
"37",4,"De'Von Achane",MIA,"RB12","6","3 out of 5 stars","-17"
"38",4,"DK Metcalf",SEA,"WR20","10","3 out of 5 stars","0"
"39",4,"Rachaad White",TB,"RB13","11","5 out of 5 stars","+3"
"40",4,"Cooper Kupp",LAR,"WR21","6","3 out of 5 stars","-5"
"41",4,"DeVonta Smith",PHI,"WR22","5","2 out of 5 stars","-5"
"42",4,"James Cook",BUF,"RB14","12","2 out of 5 stars","+2"
"43",4,"Stefon Diggs",HOU,"WR23","14","3 out of 5 stars","-13"
"44",5,"Amari Cooper",CLE,"WR24","10","3 out of 5 stars","+2"
"45",5,"Joe Mixon",HOU,"RB15","14","3 out of 5 stars","+7"
"46",5,"Kenneth Walker III",SEA,"RB16","10","4 out of 5 stars","+10"
"47",5,"C.J. Stroud",HOU,"QB5","14","2 out of 5 stars","+4"
"48",5,"Tee Higgins",CIN,"WR25","12","2 out of 5 stars","+7"
"49",5,"Anthony Richardson",IND,"QB6","14","5 out of 5 stars","+5"
"50",5,"Malik Nabers",NYG,"WR26","11","3 out of 5 stars","-3"
"51",5,"Alvin Kamara",NO,"RB17","12","5 out of 5 stars","+6"
"52",5,"Trey McBride",ARI,"TE3","11","5 out of 5 stars","-9"
"53",5,"Mark Andrews",BAL,"TE4","14","3 out of 5 stars","-5"
"54",5,"Zay Flowers",BAL,"WR27","14","3 out of 5 stars","-9"
"55",5,"George Pickens",PIT,"WR28","9","1 out of 5 stars","-2"
"56",5,"Tank Dell",HOU,"WR29","14","3 out of 5 stars","+2"
"57",5,"Aaron Jones",MIN,"RB18","6","3 out of 5 stars","+5"
"58",5,"Christian Kirk",JAC,"WR30","12","4 out of 5 stars","+1"
"59",5,"Keenan Allen",CHI,"WR31","7","4 out of 5 stars","-10"
"60",5,"Joe Burrow",CIN,"QB7","12","2 out of 5 stars","+12"
"61",5,"David Montgomery",DET,"RB19","5","3 out of 5 stars","+16"
"62",5,"Terry McLaurin",WAS,"WR32","14","3 out of 5 stars","-2"
"63",5,"Dak Prescott",DAL,"QB8","7","2 out of 5 stars","+7"
"64",6,"Kyler Murray",ARI,"QB9","11","2 out of 5 stars","+9"
"65",6,"Rhamondre Stevenson",NE,"RB20","14","2 out of 5 stars","+1"
"66",6,"James Conner",ARI,"RB21","11","2 out of 5 stars","+16"
"67",6,"D'Andre Swift",CHI,"RB22","7","2 out of 5 stars","+8"
"68",6,"Calvin Ridley",TEN,"WR33","5","4 out of 5 stars","-3"
"69",6,"Zamir White",LV,"RB23","10","3 out of 5 stars","+10"
"70",6,"Dalton Kincaid",BUF,"TE5","12","2 out of 5 stars","-20"
"71",6,"Najee Harris",PIT,"RB24","9","4 out of 5 stars","-4"
"72",6,"Jordan Love",GB,"QB10","10","5 out of 5 stars","+2"
"73",6,"Jayden Reed",GB,"WR34","10","4 out of 5 stars","-10"
"74",6,"Tony Pollard",TEN,"RB25","5","3 out of 5 stars","+15"
"75",6,"George Kittle",SF,"TE6","9","4 out of 5 stars","-4"
"76",6,"Chris Godwin",TB,"WR35","11","3 out of 5 stars","-12"
"77",6,"Raheem Mostert",MIA,"RB26","6","3 out of 5 stars","+14"
"78",6,"Rashee Rice",KC,"WR36","6","3 out of 5 stars","+2"
"79",6,"Brock Purdy",SF,"QB11","9","2 out of 5 stars","+17"
"80",6,"Hollywood Brown",KC,"WR37","6","3 out of 5 stars","-12"
"81",6,"Kyle Pitts",ATL,"TE7","12","3 out of 5 stars","-20"
"82",6,"Diontae Johnson",CAR,"WR38","11","5 out of 5 stars","-4"
"83",6,"Javonte Williams",DEN,"RB27","14","4 out of 5 stars","+3"
"84",6,"DeAndre Hopkins",TEN,"WR39","5","4 out of 5 stars","-8"
"85",6,"Jaylen Warren",PIT,"RB28","9","4 out of 5 stars","0"
"86",6,"Jordan Addison",MIN,"WR40","6","3 out of 5 stars","-5"
"87",6,"Evan Engram",JAC,"TE8","12","3 out of 5 stars","-18"
"88",7,"Brian Robinson Jr.",WAS,"RB29","14","3 out of 5 stars","+20"
"89",7,"Zack Moss",CIN,"RB30","12","3 out of 5 stars","-5"
"90",7,"Nick Chubb",CLE,"RB31","10","4 out of 5 stars","+23"
"91",7,"Tua Tagovailoa",MIA,"QB12","6","2 out of 5 stars","+19"
"92",7,"David Njoku",CLE,"TE9","10","3 out of 5 stars","+1"
"93",7,"Xavier Worthy",KC,"WR41","6","3 out of 5 stars","-10"
"94",7,"Devin Singletary",NYG,"RB32","11","3 out of 5 stars","+10"
"95",7,"Jaxon Smith-Njigba",SEA,"WR42","10","3 out of 5 stars","+3"
"96",7,"Jake Ferguson",DAL,"TE10","7","2 out of 5 stars","-8"
"97",7,"Caleb Williams",CHI,"QB13","7","4 out of 5 stars","+3"
"98",7,"Courtland Sutton",DEN,"WR43","14","2 out of 5 stars","+1"
"99",7,"Jared Goff",DET,"QB14","5","4 out of 5 stars","+4"
"100",7,"Rome Odunze",CHI,"WR44","7","4 out of 5 stars","-8"
"101",7,"Christian Watson",GB,"WR45","10","4 out of 5 stars","-14"
"102",7,"Austin Ekeler",WAS,"RB33","14","3 out of 5 stars","-7"
"103",7,"Tyjae Spears",TEN,"RB34","5","3 out of 5 stars","-1"
"104",7,"Justin Herbert",LAC,"QB15","5","2 out of 5 stars","+10"
"105",7,"Jayden Daniels",WAS,"QB16","14","3 out of 5 stars","+1"
"106",7,"Jonathon Brooks",CAR,"RB35","11","4 out of 5 stars","-16"
"107",7,"Ladd McConkey",LAC,"WR46","5","3 out of 5 stars","-13"
"108",7,"Tyler Lockett",SEA,"WR47","10","3 out of 5 stars","+7"
"109",7,"Dallas Goedert",PHI,"TE11","5","4 out of 5 stars","+3"
"110",7,"Gus Edwards",LAC,"RB36","5","4 out of 5 stars","+13"
"111",7,"Trevor Lawrence",JAC,"QB17","12","5 out of 5 stars","-2"
"112",7,"Kirk Cousins",ATL,"QB18","12","3 out of 5 stars","+12"
"113",7,"Ezekiel Elliott",DAL,"RB37","7","3 out of 5 stars","+13"
"114",7,"Jameson Williams",DET,"WR48","5","4 out of 5 stars","-7"
"115",7,"Brock Bowers",LV,"TE12","10","4 out of 5 stars","-14"
"116",7,"Jakobi Meyers",LV,"WR49","10","3 out of 5 stars","+6"
"117",7,"Chase Brown",CIN,"RB38","12","3 out of 5 stars","+1"
"118",7,"Keon Coleman",BUF,"WR50","12","2 out of 5 stars","-21"
"119",7,"Mike Williams",NYJ,"WR51","12","4 out of 5 stars","+6"
"120",7,"T.J. Hockenson",MIN,"TE13","6","2 out of 5 stars","0"
"121",8,"Matthew Stafford",LAR,"QB19","6","4 out of 5 stars","+11"
"122",8,"Zach Charbonnet",SEA,"RB39","10","4 out of 5 stars","+7"
"123",8,"Dalton Schultz",HOU,"TE14","14","2 out of 5 stars","+4"
"124",8,"Trey Benson",ARI,"RB40","11","2 out of 5 stars","-13"
"125",8,"Jerome Ford",CLE,"RB41","10","4 out of 5 stars","+3"
"126",8,"Brian Thomas Jr.",JAC,"WR52","12","4 out of 5 stars","-21"
"127",8,"Aaron Rodgers",NYJ,"QB20","12","2 out of 5 stars","+10"
"128",8,"Pat Freiermuth",PIT,"TE15","9","3 out of 5 stars","+6"
"129",8,"Cole Kmet",CHI,"TE16","7","3 out of 5 stars","+1"
"130",8,"Romeo Doubs",GB,"WR53","10","4 out of 5 stars","-9"
"131",8,"Chuba Hubbard",CAR,"RB42","11","4 out of 5 stars","+25"
"132",8,"Brandin Cooks",DAL,"WR54","7","3 out of 5 stars","+4"
"133",8,"Blake Corum",LAR,"RB43","6","3 out of 5 stars","-14"
"134",8,"Antonio Gibson",NE,"RB44","14","2 out of 5 stars","+14"
"135",8,"Deshaun Watson",CLE,"QB21","10","4 out of 5 stars","+7"
"136",8,"Curtis Samuel",BUF,"WR55","12","2 out of 5 stars","-20"
"137",8,"Josh Downs",IND,"WR56","14","4 out of 5 stars","+4"
"138",8,"Baker Mayfield",TB,"QB22","11","2 out of 5 stars","+5"
"139",8,"Jerry Jeudy",CLE,"WR57","10","3 out of 5 stars","-8"
"140",8,"Rashid Shaheed",NO,"WR58","12","3 out of 5 stars","-7"
"141",8,"Gabe Davis",JAC,"WR59","12","4 out of 5 stars","-2"
"142",8,"Ty Chandler",MIN,"RB45","6","3 out of 5 stars","+3"
"143",8,"Rico Dowdle",DAL,"RB46","7","3 out of 5 stars","+4"
"144",8,"Joshua Palmer",LAC,"WR60","5","3 out of 5 stars","-9"
"145",8,"Luke Musgrave",GB,"TE17","10","3 out of 5 stars","+5"
"146",8,"Jahan Dotson",WAS,"WR61","14","3 out of 5 stars","-8"
"147",8,"Tyler Allgeier",ATL,"RB47","12","4 out of 5 stars","+12"
"148",8,"Geno Smith",SEA,"QB23","10","3 out of 5 stars","+10"
"149",8,"Kendre Miller",NO,"RB48","12","5 out of 5 stars","-9"
"150",8,"Khalil Herbert",CHI,"RB49","7","2 out of 5 stars","+27"
"151",8,"Khalil Shakir",BUF,"WR62","12","2 out of 5 stars","-34"
"152",8,"Adam Thielen",CAR,"WR63","11","5 out of 5 stars","-1"
"153",8,"Jaleel McLaughlin",DEN,"RB50","14","4 out of 5 stars","+15"
"154",8,"Hunter Henry",NE,"TE18","14","3 out of 5 stars","+8"
"155",8,"Will Levis",TEN,"QB24","5","5 out of 5 stars","+10"
"156",9,"Juwan Johnson",NO,"TE19","12","4 out of 5 stars","+20"
"157",9,"Adonai Mitchell",IND,"WR64","14","4 out of 5 stars","-4"
"158",9,"Roschon Johnson",CHI,"RB51","7","2 out of 5 stars","+9"
"159",9,"MarShawn Lloyd",GB,"RB52","10","1 out of 5 stars","-13"
"160",9,"J.K. Dobbins",LAC,"RB53","5","4 out of 5 stars","-3"
"161",9,"Cade Otton",TB,"TE20","11","3 out of 5 stars","+11"
"162",9,"Marvin Mims Jr.",DEN,"WR65","14","2 out of 5 stars","+12"
"163",9,"Quentin Johnston",LAC,"WR66","5","3 out of 5 stars","-11"
"164",9,"Michael Wilson",ARI,"WR67","11","3 out of 5 stars","-4"
"165",9,"Dontayvion Wicks",GB,"WR68","10","4 out of 5 stars","-16"
"166",9,"Xavier Legette",CAR,"WR69","11","5 out of 5 stars","-12"
"167",9,"Derek Carr",NO,"QB25","12","4 out of 5 stars","-1"
"168",9,"Chigoziem Okonkwo",TEN,"TE21","5","4 out of 5 stars","+13"
"169",9,"DeMario Douglas",NE,"WR70","14","3 out of 5 stars","+23"
"170",9,"Ray Davis",BUF,"RB54","12","2 out of 5 stars","-7"
"171",9,"Darnell Mooney",ATL,"WR71","12","4 out of 5 stars","-10"
"172",9,"Wan'Dale Robinson",NYG,"WR72","11","3 out of 5 stars","+8"
"173",9,"Ricky Pearsall",SF,"WR73","9","2 out of 5 stars","0"
"174",9,"Daniel Jones",NYG,"QB26","11","2 out of 5 stars","+12"
"175",9,"J.J. McCarthy",MIN,"QB27","6","5 out of 5 stars","+7"
"176",9,"Rashod Bateman",BAL,"WR74","14","3 out of 5 stars","+11"
"177",9,"Tucker Kraft",GB,"TE22","10","3 out of 5 stars","+49"
"178",9,"Jaylen Wright",MIA,"RB55","6","3 out of 5 stars","-34"
"179",9,"Baltimore Ravens",BAL,"DST1","14","2 out of 5 stars","+59"
"180",9,"Elijah Mitchell",SF,"RB56","9","2 out of 5 stars","+17"
"181",9,"Ja'Lynn Polk",NE,"WR75","14","3 out of 5 stars","-3"
"182",9,"Jermaine Burton",CIN,"WR76","12","2 out of 5 stars","+1"
"183",9,"San Francisco 49ers",SF,"DST2","9","1 out of 5 stars","+61"
"184",9,"Elijah Moore",CLE,"WR77","10","3 out of 5 stars","+39"
"185",9,"Dameon Pierce",HOU,"RB57","14","3 out of 5 stars","+14"
"186",9,"Taysom Hill",NO,"TE23","12","4 out of 5 stars","-22"
"187",9,"Bryce Young",CAR,"QB28","11","5 out of 5 stars","-8"
"188",9,"Dallas Cowboys",DAL,"DST3","7","4 out of 5 stars","+53"
"189",9,"Keaton Mitchell",BAL,"RB58","14","3 out of 5 stars","+15"
"190",9,"New York Jets",NYJ,"DST4","12","1 out of 5 stars","+52"
"191",9,"Tyler Conklin",NYJ,"TE24","12","3 out of 5 stars","-16"
"192",9,"Cleveland Browns",CLE,"DST5","10","2 out of 5 stars","+53"
"193",9,"Ben Sinnott",WAS,"TE25","14","2 out of 5 stars","-4"
"194",9,"Alexander Mattison",LV,"RB59","10","3 out of 5 stars","+17"
"195",9,"Russell Wilson",PIT,"QB29","9","2 out of 5 stars","-4"
"196",9,"Isaiah Likely",BAL,"TE26","14","3 out of 5 stars","-6"
"197",10,"Miles Sanders",CAR,"RB60","11","4 out of 5 stars","+32"
"198",10,"Justin Tucker",BAL,"K1","14","2 out of 5 stars","-"
"199",10,"Troy Franklin",DEN,"WR78","14","2 out of 5 stars","-29"
"200",10,"AJ Dillon",GB,"RB61","10","1 out of 5 stars","+35"
"201",10,"Roman Wilson",PIT,"WR79","9","1 out of 5 stars","-32"
"202",10,"Buffalo Bills",BUF,"DST6","12","2 out of 5 stars","+47"
"203",10,"Kansas City Chiefs",KC,"DST7","6","2 out of 5 stars","+44"
"204",10,"Brandon Aubrey",DAL,"K2","7","2 out of 5 stars","-"
"205",10,"Kenneth Gainwell",PHI,"RB62","5","4 out of 5 stars","+25"
"206",10,"Pittsburgh Steelers",PIT,"DST8","9","4 out of 5 stars","+42"
"207",10,"Miami Dolphins",MIA,"DST9","6","2 out of 5 stars","+45"
"208",10,"Bucky Irving",TB,"RB63","11","5 out of 5 stars","-37"
"209",10,"D'Onta Foreman",CLE,"RB64","10","4 out of 5 stars","-11"
"210",10,"Javon Baker",NE,"WR80","14","3 out of 5 stars","-4"
"211",10,"Noah Fant",SEA,"TE27","10","3 out of 5 stars","-8"
"212",10,"Jalin Hyatt",NYG,"WR81","11","3 out of 5 stars","+12"
"213",10,"New Orleans Saints",NO,"DST10","12","5 out of 5 stars","+52"
"214",10,"Jason Sanders",MIA,"K3","6","2 out of 5 stars","-"
"215",10,"Harrison Butker",KC,"K4","6","2 out of 5 stars","-"
"216",10,"Demarcus Robinson",LAR,"WR82","6","3 out of 5 stars","-16"
"217",10,"Kimani Vidal",LAC,"RB65","5","4 out of 5 stars","-62"
"218",10,"Philadelphia Eagles",PHI,"DST11","5","3 out of 5 stars","+37"
"219",10,"Chicago Bears",CHI,"DST12","7","3 out of 5 stars","+41"
"220",10,"Drake Maye",NE,"QB30","14","3 out of 5 stars","-26"
"221",10,"Houston Texans",HOU,"DST13","14","2 out of 5 stars","+33"
"222",10,"Ka'imi Fairbairn",HOU,"K5","14","2 out of 5 stars","-"
"223",10,"Tyler Bass",BUF,"K6","12","5 out of 5 stars","-"
"224",10,"Darius Slayton",NYG,"WR83","11","3 out of 5 stars","-8"
"225",10,"Audric Estime",DEN,"RB66","14","4 out of 5 stars","-30"
"226",10,"Malachi Corley",NYJ,"WR84","12","4 out of 5 stars","-30"
"227",10,"Jake Elliott",PHI,"K7","5","2 out of 5 stars","-"
"228",10,"Jake Moody",SF,"K8","9","1 out of 5 stars","-"
"229",10,"Tyler Boyd",TEN,"WR85","5","4 out of 5 stars","-15"
"230",10,"Braelon Allen",NYJ,"RB67","12","2 out of 5 stars","-25"
"231",10,"Jamaal Williams",NO,"RB68","12","5 out of 5 stars","+36"
"232",10,"Clyde Edwards-Helaire",KC,"RB69","6","3 out of 5 stars","-24"
"233",10,"Michael Mayer",LV,"TE28","10","4 out of 5 stars","-15"
"234",10,"Zay Jones",ARI,"WR86","11","3 out of 5 stars","-32"
"235",10,"Younghoe Koo",ATL,"K9","12","0 out of 5 stars","-"
"236",10,"Evan McPherson",CIN,"K10","12","0 out of 5 stars","-"
"237",10,"Kendrick Bourne",NE,"WR87","14","3 out of 5 stars","-9"
"238",10,"Treylon Burks",TEN,"WR88","5","4 out of 5 stars","+32"
"239",10,"Minnesota Vikings",MIN,"DST14","6","3 out of 5 stars","+41"
"240",10,"Tyrone Tracy Jr.",NYG,"RB70","11","3 out of 5 stars","-56"
"241",10,"Justice Hill",BAL,"RB71","14","3 out of 5 stars","+2"
"242",10,"Tank Bigsby",JAC,"RB72","12","2 out of 5 stars","-41"
"243",10,"Cameron Dicker",LAC,"K11","5","3 out of 5 stars","-"
"244",10,"Jonathan Mingo",CAR,"WR89","11","5 out of 5 stars","+45"
"245",10,"Odell Beckham Jr.",MIA,"WR90","6","2 out of 5 stars","-18"
"246",10,"Mike Gesicki",CIN,"TE29","12","3 out of 5 stars","-36"
"247",10,"Ja'Tavion Sanders",CAR,"TE30","11","3 out of 5 stars","-34"
"248",10,"Dustin Hopkins",CLE,"K12","10","2 out of 5 stars","-"
"249",10,"Matt Gay",IND,"K13","14","5 out of 5 stars","-"
"250",10,"Justin Fields",PIT,"QB31","9","2 out of 5 stars","-65"
"251",10,"Rondale Moore",ATL,"WR91","12","4 out of 5 stars","-19"
"252",10,"Samaje Perine",DEN,"RB73","14","4 out of 5 stars","-35"
"253",11,"Indianapolis Colts",IND,"DST15","14","4 out of 5 stars","+5"
"254",11,"Bo Nix",DEN,"QB32","14","2 out of 5 stars","-61"
"255",11,"Cairo Santos",CHI,"K14","7","5 out of 5 stars","-"
"256",11,"A.T. Perry",NO,"WR92","12","3 out of 5 stars","-41"
"257",11,"Brenden Rice",LAC,"WR93","5","3 out of 5 stars","+58"
"258",11,"Devontez Walker",BAL,"WR94","14","3 out of 5 stars","-27"
"259",11,"Jacksonville Jaguars",JAC,"DST16","12","4 out of 5 stars","+17"
"260",11,"Jason Myers",SEA,"K15","10","5 out of 5 stars","-"
"261",11,"Denver Broncos",DEN,"DST17","14","3 out of 5 stars","+42"
"262",11,"Will Shipley",PHI,"RB74","5","4 out of 5 stars","-43"
"263",11,"Dawson Knox",BUF,"TE31","12","2 out of 5 stars","-24"
"264",11,"Jelani Woods",IND,"TE32","14","3 out of 5 stars","-30"
"265",11,"Gerald Everett",CHI,"TE33","7","3 out of 5 stars","+36"
"266",11,"DJ Chark Jr.",LAC,"WR95","5","3 out of 5 stars","-45"
"267",11,"Cincinnati Bengals",CIN,"DST18","12","5 out of 5 stars","+14"
"268",11,"Gardner Minshew II",LV,"QB33","10","2 out of 5 stars","-59"
"269",11,"Alec Pierce",IND,"WR96","14","4 out of 5 stars","-"
"270",11,"Cedric Tillman",CLE,"WR97","10","3 out of 5 stars","-"
"271",11,"Daniel Carlson",LV,"K16","10","2 out of 5 stars","-"
"272",11,"K.J. Osborn",NE,"WR98","14","3 out of 5 stars","+28"
"273",11,"Josh Reynolds",DEN,"WR99","14","2 out of 5 stars","+6"
"274",11,"Andrei Iosivas",CIN,"WR100","12","2 out of 5 stars","+32"
"275",11,"Blake Grupe",NO,"K17","12","4 out of 5 stars","-"
"276",11,"Tyler Higbee",LAR,"TE34","6","3 out of 5 stars","+15"
"277",11,"Trey Palmer",TB,"WR101","11","3 out of 5 stars","+9"
"278",11,"Darren Waller",NYG,"TE35","11","4 out of 5 stars","-66"
"279",11,"Detroit Lions",DET,"DST19","5","0 out of 5 stars","-10"
"280",11,"Jalen McMillan",TB,"WR102","11","3 out of 5 stars","-30"
"281",11,"Michael Gallup",LV,"WR103","10","3 out of 5 stars","-"
"282",11,"Deuce Vaughn",DAL,"RB75","7","3 out of 5 stars","+34"
"283",11,"Jeff Wilson Jr.",MIA,"RB76","6","3 out of 5 stars","-"
"284",11,"Evan Hull",IND,"RB77","14","2 out of 5 stars","-22"
"285",11,"Michael Carter",ARI,"RB78","11","2 out of 5 stars","-"
"286",11,"Noah Brown",HOU,"WR104","14","3 out of 5 stars","+18"
"287",11,"Michael Thomas",FA,"WR105","-","-","+38"
"288",11,"D'Ernest Johnson",JAC,"RB79","12","2 out of 5 stars","+39"
"289",11,"Jordan Mason",SF,"RB80","9","2 out of 5 stars","-"
"290",11,"Israel Abanikanda",NYJ,"RB81","12","2 out of 5 stars","-"
"291",11,"Chris Rodriguez Jr.",WAS,"RB82","14","3 out of 5 stars","+40"
"292",11,"Kadarius Toney",KC,"WR106","6","3 out of 5 stars","-10"
"293",11,"Trey Sermon",IND,"RB83","14","2 out of 5 stars","+4"
"294",11,"Isaac Guerendo",SF,"RB84","9","2 out of 5 stars","-69"
"295",11,"Dylan Laube",LV,"RB85","10","3 out of 5 stars","-59"
"296",11,"Pierre Strong Jr.",CLE,"RB86","10","4 out of 5 stars","-"
"297",11,"Greg Zuerlein",NYJ,"K18","12","4 out of 5 stars","-"
"298",11,"Jonnu Smith",MIA,"TE36","6","2 out of 5 stars","-110"
"299",11,"Chase Edmonds",TB,"RB87","11","5 out of 5 stars","-"
"300",11,"Jacob Cowing",SF,"WR107","9","2 out of 5 stars","+13"
"301",11,"Greg Dulcich",DEN,"TE37","14","2 out of 5 stars","-68"
"302",11,"Kareem Hunt",FA,"RB88","-","-","-36"
"303",11,"Emari Demercado",ARI,"RB89","11","2 out of 5 stars","-"
"304",11,"Luke McCaffrey",WAS,"WR108","14","3 out of 5 stars","-97"
"305",11,"Michael Penix Jr.",ATL,"QB34","12","3 out of 5 stars","-17"
"306",11,"Ronnie Rivers",LAR,"RB90","6","3 out of 5 stars","-"
"307",11,"Cordarrelle Patterson",PIT,"RB91","9","4 out of 5 stars","+23"
"308",12,"Zach Ertz",WAS,"TE38","14","2 out of 5 stars","-71"
"309",12,"Sam Darnold",MIN,"QB35","6","5 out of 5 stars","-89"
"310",12,"Eric Gray",NYG,"RB92","11","3 out of 5 stars","-53"
"311",12,"Jerick McKinnon",FA,"RB93","-","-","-27"
"312",12,"Las Vegas Raiders",LV,"DST20","10","3 out of 5 stars","-48"
"313",12,"Robert Woods",HOU,"WR109","14","3 out of 5 stars","-"
"314",12,"Tyler Scott",CHI,"WR110","7","4 out of 5 stars","-"
"315",12,"New England Patriots",NE,"DST21","14","2 out of 5 stars","-38"
"316",12,"Rashaad Penny",CAR,"RB94","11","4 out of 5 stars","-"
"317",12,"Isaiah Spiller",LAC,"RB95","5","4 out of 5 stars","-"
"318",12,"Dalvin Cook",FA,"RB96","-","-","-72"
"319",12,"Cam Akers",MIN,"RB97","6","3 out of 5 stars","-"
"320",12,"Aidan O'Connell",LV,"QB36","10","2 out of 5 stars","-98"
"321",12,"Green Bay Packers",GB,"DST22","10","1 out of 5 stars","-53"
"322",12,"Greg Dortch",ARI,"WR111","11","3 out of 5 stars","-27"
"323",12,"Jalen Tolbert",DAL,"WR112","7","3 out of 5 stars","-83"
"324",12,"Joshua Kelley",FA,"RB98","-","-","-"
"325",12,"Daniel Bellinger",NYG,"TE39","11","4 out of 5 stars","-72"
"326",12,"Salvon Ahmed",MIA,"RB99","6","3 out of 5 stars","-"
"327",12,"Theo Johnson",NYG,"TE40","11","4 out of 5 stars","-64"
"328",12,"Tutu Atwell",LAR,"WR113","6","3 out of 5 stars","-45"
"329",12,"Jacoby Brissett",NE,"QB37","14","3 out of 5 stars","-68"
"330",12,"Malik Washington",MIA,"WR114","6","2 out of 5 stars","-59"
"331",12,"Colby Parkinson",LAR,"TE41","6","3 out of 5 stars","-75"
"332",12,"Matt Breida",FA,"RB100","-","-","-"
"333",12,"JuJu Smith-Schuster",NE,"WR115","14","3 out of 5 stars","-"
"334",12,"Rasheen Ali",BAL,"RB101","14","3 out of 5 stars","-32"
"335",12,"Chris Boswell",PIT,"K19","9","4 out of 5 stars","-"
"336",12,"Los Angeles Rams",LAR,"DST23","6","2 out of 5 stars","-15"
"337",12,"Brandon McManus",FA,"K20","-","-","-"
"338",12,"Seattle Seahawks",SEA,"DST24","10","4 out of 5 stars","-48"
"339",12,"Wil Lutz",DEN,"K21","14","2 out of 5 stars","-"
"340",12,"Nelson Agholor",BAL,"WR116","14","3 out of 5 stars","-62"
"341",12,"Donald Parham Jr.",LAC,"TE42","5","3 out of 5 stars","-48"
"342",12,"Sam Howell",SEA,"QB38","10","3 out of 5 stars","-31"
"343",12,"Tampa Bay Buccaneers",TB,"DST25","11","4 out of 5 stars","-71"
"344",12,"Marquez Valdes-Scantling",BUF,"WR117","12","2 out of 5 stars","-35"
"345",12,"Hayden Hurst",LAC,"TE43","5","3 out of 5 stars","-94"
"346",12,"Noah Gray",KC,"TE44","6","3 out of 5 stars","-"
"347",12,"Allen Lazard",NYJ,"WR118","12","4 out of 5 stars","-8"
"348",12,"Jauan Jennings",SF,"WR119","9","2 out of 5 stars","-75"
"349",12,"Skyy Moore",KC,"WR120","6","3 out of 5 stars","-"
"350",12,"Tre Tucker",LV,"WR121","10","3 out of 5 stars","-43"
"351",12,"Michael Badgley",DET,"K22","5","2 out of 5 stars","-"
"352",12,"Drew Lock",NYG,"QB39","11","2 out of 5 stars","-29"
"353",12,"Kalif Raymond",DET,"WR122","5","4 out of 5 stars","-78"
"354",12,"Logan Thomas",SF,"TE45","9","4 out of 5 stars","-"
"355",12,"Calvin Austin III",PIT,"WR123","9","1 out of 5 stars","-50"
"356",12,"Greg Joseph",GB,"K23","10","5 out of 5 stars","-"
"357",12,"Hunter Renfrow",FA,"WR124","-","-","-"
"358",12,"Tim Patrick",DEN,"WR125","14","2 out of 5 stars","-23"
"359",13,"Donovan Peoples-Jones",DET,"WR126","5","4 out of 5 stars","-"
"360",13,"Jeremy Ruckert",NYJ,"TE46","12","3 out of 5 stars","-"
"361",13,"Kylen Granson",IND,"TE47","14","3 out of 5 stars","-"
"362",13,"Tanner Hudson",CIN,"TE48","12","3 out of 5 stars","-"
"363",13,"Erick All Jr.",CIN,"TE49","12","3 out of 5 stars","-67"
"364",13,"Johnny Wilson",PHI,"WR127","5","2 out of 5 stars","-47"
"365",13,"Carolina Panthers",CAR,"DST26","11","4 out of 5 stars","-41"
"366",13,"Brevin Jordan",HOU,"TE50","14","2 out of 5 stars","-"
"367",13,"Bo Melton",GB,"WR128","10","4 out of 5 stars","-69"
"368",13,"Kenny Pickett",PHI,"QB40","5","2 out of 5 stars","-"
"369",13,"Atlanta Falcons",ATL,"DST27","12","4 out of 5 stars","-84"
"370",13,"John Metchie III",HOU,"WR129","14","3 out of 5 stars","-"
"371",13,"Van Jefferson",PIT,"WR130","9","1 out of 5 stars","-"
"372",13,"Justin Watson",KC,"WR131","6","3 out of 5 stars","-98"
"373",13,"Royce Freeman",DAL,"RB102","7","3 out of 5 stars","-"
"374",13,"Craig Reynolds",DET,"RB103","5","3 out of 5 stars","-"
"375",13,"Ty Johnson",BUF,"RB104","12","2 out of 5 stars","-"
"376",13,"Cade Stover",HOU,"TE51","14","2 out of 5 stars","-"
"377",13,"Will Dissly",LAC,"TE52","5","3 out of 5 stars","-"
"378",13,"Keaontay Ingram",KC,"RB105","6","3 out of 5 stars","-"
"379",13,"Latavius Murray",FA,"RB106","-","-","-"
"380",13,"New York Giants",NYG,"DST28","11","3 out of 5 stars","-72"
"381",13,"Cedrick Wilson Jr.",NO,"WR132","12","3 out of 5 stars","-"
"382",13,"Joe Flacco",IND,"QB41","14","5 out of 5 stars","-63"
"383",13,"Ainias Smith",PHI,"WR133","5","2 out of 5 stars","-84"
"384",13,"DeVante Parker",FA,"WR134","-","-","-"
"385",13,"Eddy Pineiro",CAR,"K24","11","3 out of 5 stars","-"
"386",13,"Jaheim Bell",NE,"TE53","14","3 out of 5 stars","-"
"387",13,"Los Angeles Chargers",LAC,"DST29","5","5 out of 5 stars","-95"
"388",13,"Johnny Mundt",MIN,"TE54","6","2 out of 5 stars","-"
"389",13,"Isaiah Davis",NYJ,"RB107","12","2 out of 5 stars","-"
"390",13,"Matt Prater",ARI,"K25","11","2 out of 5 stars","-"
"391",13,"Ameer Abdullah",LV,"RB108","10","3 out of 5 stars","-"
"392",13,"Chase McLaughlin",TB,"K26","11","3 out of 5 stars","-"
"393",13,"Josh Oliver",MIN,"TE55","6","2 out of 5 stars","-61"
"394",13,"Brandon Powell",MIN,"WR135","6","3 out of 5 stars","-"
"395",13,"Xavier Hutchinson",HOU,"WR136","14","3 out of 5 stars","-"
"396",13,"Austin Hooper",NE,"TE56","14","3 out of 5 stars","-"
"397",13,"Darnell Washington",PIT,"TE57","9","3 out of 5 stars","-"
"398",13,"Kenny McIntosh",SEA,"RB109","10","4 out of 5 stars","-"
"399",13,"Parker Washington",JAC,"WR137","12","4 out of 5 stars","-"
"400",13,"Jase McClellan",ATL,"RB110","12","4 out of 5 stars","-"
"401",13,"Jawhar Jordan",HOU,"RB111","14","3 out of 5 stars","-87"
"402",13,"Jameis Winston",CLE,"QB42","10","4 out of 5 stars","-80"
"403",13,"Trenton Irwin",CIN,"WR138","12","2 out of 5 stars","-"
"404",13,"Trayveon Williams",CIN,"RB112","12","3 out of 5 stars","-"
"405",13,"Kevin Harris",NE,"RB113","14","2 out of 5 stars","-"
"406",13,"Anders Carlson",GB,"K27","10","5 out of 5 stars","-"
"407",13,"Jarrett Stidham",DEN,"QB43","14","2 out of 5 stars","-71"
"408",13,"Jamari Thrash",CLE,"WR139","10","3 out of 5 stars","-"
"409",13,"Graham Gano",NYG,"K28","11","1 out of 5 stars","-"
"410",13,"Parris Campbell",PHI,"WR140","5","2 out of 5 stars","-"
"411",13,"Nick Westbrook-Ikhine",TEN,"WR141","5","4 out of 5 stars","-"
"412",13,"Durham Smythe",MIA,"TE58","6","2 out of 5 stars","-"
"413",13,"Brett Maher",FA,"K29","-","-","-"
"414",13,"Xavier Gipson",NYJ,"WR142","12","4 out of 5 stars","-120"
"415",13,"Adam Trautman",DEN,"TE59","14","2 out of 5 stars","-"
"416",13,"Tommy Tremble",CAR,"TE60","11","3 out of 5 stars","-"
"417",13,"Quez Watkins",PIT,"WR143","9","1 out of 5 stars","-"
"418",13,"Will Mallory",IND,"TE61","14","3 out of 5 stars","-"
"419",13,"Zach Wilson",DEN,"QB44","14","2 out of 5 stars","-"
"420",13,"Foster Moreau",NO,"TE62","12","4 out of 5 stars","-"
"421",13,"Mack Hollins",BUF,"WR144","12","2 out of 5 stars","-"
"422",13,"Charlie Jones",CIN,"WR145","12","2 out of 5 stars","-"
"423",13,"Jamison Crowder",WAS,"WR146","14","3 out of 5 stars","-"
"424",13,"Tip Reiman",ARI,"TE63","11","5 out of 5 stars","-"
"425",13,"Jake Browning",CIN,"QB45","12","2 out of 5 stars","-"
"426",13,"Jared Wiley",KC,"TE64","6","3 out of 5 stars","-"
"427",14,"Luke Schoonmaker",DAL,"TE65","7","2 out of 5 stars","-"
"428",14,"Riley Patterson",JAC,"K30","12","5 out of 5 stars","-"
"429",14,"Nick Folk",TEN,"K31","5","5 out of 5 stars","-"
"430",14,"Frank Gore Jr.",BUF,"RB114","12","2 out of 5 stars","-"
"431",14,"Mac Jones",JAC,"QB46","12","5 out of 5 stars","-"
"432",14,"Chase Claypool",BUF,"WR147","12","2 out of 5 stars","-122"
"433",14,"Braxton Berrios",MIA,"WR148","6","2 out of 5 stars","-"
"434",14,"Jake Bobo",SEA,"WR149","10","3 out of 5 stars","-"
"435",14,"Chris Moore",ARI,"WR150","11","3 out of 5 stars","-"
"436",14,"AJ Barner",SEA,"TE66","10","3 out of 5 stars","-"
"437",14,"Nyheim Hines",CLE,"RB115","10","4 out of 5 stars","-178"
"438",14,"Malik Davis",DAL,"RB116","7","3 out of 5 stars","-"
"439",14,"Kyle Philips",TEN,"WR151","5","4 out of 5 stars","-"
"440",14,"KaVontae Turpin",DAL,"WR152","7","3 out of 5 stars","-"
"441",14,"Sean Tucker",TB,"RB117","11","5 out of 5 stars","-"
"442",14,"Cole Turner",WAS,"TE67","14","2 out of 5 stars","-"
"443",14,"Tyquan Thornton",NE,"WR153","14","3 out of 5 stars","-"
"444",14,"Ian Thomas",CAR,"TE68","11","3 out of 5 stars","-"
"445",14,"Brock Wright",DET,"TE69","5","3 out of 5 stars","-"
"446",14,"Kyle Juszczyk",SF,"RB118","9","2 out of 5 stars","-"
"447",14,"Bub Means",NO,"WR154","12","3 out of 5 stars","-"
"448",14,"Mecole Hardman Jr.",KC,"WR155","6","3 out of 5 stars","-"
"449",14,"Washington Commanders",WAS,"DST30","14","5 out of 5 stars","-"
"450",14,"Isaiah McKenzie",NYG,"WR156","11","3 out of 5 stars","-"
"451",14,"David Bell",CLE,"WR157","10","3 out of 5 stars","-"
"452",14,"Joey Slye",NE,"K32","14","5 out of 5 stars","-"
"453",14,"Isaiah Hodgins",NYG,"WR158","11","3 out of 5 stars","-"
"454",14,"Robert Tonyan",MIN,"TE70","6","2 out of 5 stars","-125"
"455",14,"Ryan Flournoy",DAL,"WR159","7","3 out of 5 stars","-168"
"456",14,"Irv Smith Jr.",KC,"TE71","6","3 out of 5 stars","-"
"457",14,"Austin Seibert",NYJ,"K33","12","4 out of 5 stars","-"
"458",14,"Terrace Marshall Jr.",CAR,"WR160","11","5 out of 5 stars","-"
"459",14,"Jordan Akins",CLE,"TE72","10","3 out of 5 stars","-"
"460",14,"Cade York",CLE,"K34","10","2 out of 5 stars","-"
"461",14,"Jha'Quan Jackson",TEN,"WR161","5","4 out of 5 stars","-"
"462",14,"Dillon Johnson",TEN,"RB119","5","3 out of 5 stars","-"
"463",14,"Tyler Goodson",IND,"RB120","14","2 out of 5 stars","-"
"464",14,"Spencer Rattler",NO,"QB47","12","4 out of 5 stars","-"
"465",14,"Kendall Milton",PHI,"RB121","5","4 out of 5 stars","-"
"466",14,"Derius Davis",LAC,"WR162","5","3 out of 5 stars","-"
"467",14,"Keilan Robinson",JAC,"RB122","12","2 out of 5 stars","-"
"468",14,"Emanuel Wilson",GB,"RB123","10","1 out of 5 stars","-"
"469",14,"Mo Alie-Cox",IND,"TE73","14","3 out of 5 stars","-"
"470",14,"Blake Watson",DEN,"RB124","14","4 out of 5 stars","-144"
"471",14,"Boston Scott",LAR,"RB125","6","3 out of 5 stars","-"
"472",14,"Emeka Egbuka",FA,"WR163","-","-","-"
"473",14,"Arizona Cardinals",ARI,"DST31","11","3 out of 5 stars","-139"
"474",14,"Justyn Ross",KC,"WR164","6","3 out of 5 stars","-"
"475",14,"Dyami Brown",WAS,"WR165","14","3 out of 5 stars","-"
"476",14,"Davis Allen",LAR,"TE74","6","3 out of 5 stars","-164"
"477",14,"Zach Evans",LAR,"RB126","6","3 out of 5 stars","-"
"478",14,"Trent Sherfield Sr.",MIN,"WR166","6","3 out of 5 stars","-"
"479",14,"Joshua Karty",LAR,"K35","6","1 out of 5 stars","-"
"480",14,"Anthony Gould",IND,"WR167","14","4 out of 5 stars","-"
"481",14,"Ray-Ray McCloud III",ATL,"WR168","12","4 out of 5 stars","-"
"482",14,"Ryan Tannehill",FA,"QB48","-","-","-"
"483",14,"DeeJay Dallas",ARI,"RB127","11","2 out of 5 stars","-"
"484",14,"Casey Washington",ATL,"WR169","12","4 out of 5 stars","-"
"485",14,"Leonard Fournette",FA,"RB128","-","-","-"
"486",14,"Jordan Whittington",LAR,"WR170","6","3 out of 5 stars","-"
"487",14,"Allen Robinson II",NYG,"WR171","11","3 out of 5 stars","-"
"488",14,"Donovan Edwards",FA,"RB129","-","-","-"
"489",14,"Kene Nwangwu",MIN,"RB130","6","3 out of 5 stars","-"
"490",14,"Josh Whyle",TEN,"TE75","5","4 out of 5 stars","-"
"491",14,"Randy Bullock",FA,"K36","-","-","-"
"492",14,"Cornelius Johnson",LAC,"WR172","5","3 out of 5 stars","-"
"493",14,"Gary Brightwell",NYG,"RB131","11","3 out of 5 stars","-153"
"494",14,"Harrison Bryant",LV,"TE76","10","4 out of 5 stars","-"
"495",14,"Patrick Taylor Jr.",SF,"RB132","9","2 out of 5 stars","-"
"496",14,"Michael Wiley",WAS,"RB133","14","3 out of 5 stars","-"
"497",14,"Pharaoh Brown",SEA,"TE77","10","3 out of 5 stars","-"
"498",14,"Scotty Miller",PIT,"WR173","9","1 out of 5 stars","-"
"499",14,"Cody Schrader",SF,"RB134","9","2 out of 5 stars","-162"
"500",14,"Tanner McLachlan",CIN,"TE78","12","3 out of 5 stars","-"
"501",14,"Tahj Washington",MIA,"WR174","6","2 out of 5 stars","-"
"502",14,"Daijun Edwards",PIT,"RB135","9","4 out of 5 stars","-"
"503",14,"Jordan Travis",NYJ,"QB49","12","2 out of 5 stars","-"
"504",14,"Avery Williams",ATL,"RB136","12","4 out of 5 stars","-"
"505",15,"Mike White",MIA,"QB50","6","2 out of 5 stars","-"
"506",15,"Hassan Haskins",TEN,"RB137","5","3 out of 5 stars","-"
"507",15,"Tyler Huntley",CLE,"QB51","10","4 out of 5 stars","-"
"508",15,"Lil'Jordan Humphrey",DEN,"WR175","14","2 out of 5 stars","-"
"509",15,"Jason Brownlee",NYJ,"WR176","12","4 out of 5 stars","-"
"510",15,"Marcus Mariota",WAS,"QB52","14","3 out of 5 stars","-"
"511",15,"Emani Bailey",KC,"RB138","6","3 out of 5 stars","-"
"512",15,"Andy Dalton",CAR,"QB53","11","5 out of 5 stars","-"
"513",15,"Desmond Ridder",ARI,"QB54","11","2 out of 5 stars","-"
"514",15,"Chris Evans",CIN,"RB139","12","3 out of 5 stars","-"
"515",15,"Xavier Weaver",ARI,"WR177","11","3 out of 5 stars","-"
"516",15,"Carson Steele",KC,"RB140","6","3 out of 5 stars","-"
"517",15,"Joshua Dobbs",SF,"QB55","9","2 out of 5 stars","-179"
"518",15,"Hunter Luepke",DAL,"RB141","7","3 out of 5 stars","-"
"519",15,"Isaiah Williams",DET,"WR178","5","4 out of 5 stars","-"
"520",15,"Trey Lance",DAL,"QB56","7","2 out of 5 stars","-187"